{
    "dependencies": {
        "github.com/aws/aws-sdk-go-v2": "v1.4.0",
        "github.com/aws/aws-sdk-go-v2/internal/configsources": "v0.0.0-00010101000000-000000000000",
        "github.com/aws/aws-sdk-go-v2/internal/endpoints/v2": "v2.0.0-00010101000000-000000000000",
        "github.com/aws/smithy-go": "v1.4.0",
        "github.com/google/go-cmp": "v0.5.4",
        "github.com/jmespath/go-jmespath": "v0.4.0"
    },
    "files": [
        "api_client.go",
        "api_client_test.go",
        "api_op_ActivateKeySigningKey.go",
        "api_op_AssociateVPCWithHostedZone.go",
        "api_op_ChangeCidrCollection.go",
        "api_op_ChangeResourceRecordSets.go",
        "api_op_ChangeTagsForResource.go",
        "api_op_CreateCidrCollection.go",
        "api_op_CreateHealthCheck.go",
        "api_op_CreateHostedZone.go",
        "api_op_CreateKeySigningKey.go",
        "api_op_CreateQueryLoggingConfig.go",
        "api_op_CreateReusableDelegationSet.go",
        "api_op_CreateTrafficPolicy.go",
        "api_op_CreateTrafficPolicyInstance.go",
        "api_op_CreateTrafficPolicyVersion.go",
        "api_op_CreateVPCAssociationAuthorization.go",
        "api_op_DeactivateKeySigningKey.go",
        "api_op_DeleteCidrCollection.go",
        "api_op_DeleteHealthCheck.go",
        "api_op_DeleteHostedZone.go",
        "api_op_DeleteKeySigningKey.go",
        "api_op_DeleteQueryLoggingConfig.go",
        "api_op_DeleteReusableDelegationSet.go",
        "api_op_DeleteTrafficPolicy.go",
        "api_op_DeleteTrafficPolicyInstance.go",
        "api_op_DeleteVPCAssociationAuthorization.go",
        "api_op_DisableHostedZoneDNSSEC.go",
        "api_op_DisassociateVPCFromHostedZone.go",
        "api_op_EnableHostedZoneDNSSEC.go",
        "api_op_GetAccountLimit.go",
        "api_op_GetChange.go",
        "api_op_GetCheckerIpRanges.go",
        "api_op_GetDNSSEC.go",
        "api_op_GetGeoLocation.go",
        "api_op_GetHealthCheck.go",
        "api_op_GetHealthCheckCount.go",
        "api_op_GetHealthCheckLastFailureReason.go",
        "api_op_GetHealthCheckStatus.go",
        "api_op_GetHostedZone.go",
        "api_op_GetHostedZoneCount.go",
        "api_op_GetHostedZoneLimit.go",
        "api_op_GetQueryLoggingConfig.go",
        "api_op_GetReusableDelegationSet.go",
        "api_op_GetReusableDelegationSetLimit.go",
        "api_op_GetTrafficPolicy.go",
        "api_op_GetTrafficPolicyInstance.go",
        "api_op_GetTrafficPolicyInstanceCount.go",
        "api_op_ListCidrBlocks.go",
        "api_op_ListCidrCollections.go",
        "api_op_ListCidrLocations.go",
        "api_op_ListGeoLocations.go",
        "api_op_ListHealthChecks.go",
        "api_op_ListHostedZones.go",
        "api_op_ListHostedZonesByName.go",
        "api_op_ListHostedZonesByVPC.go",
        "api_op_ListQueryLoggingConfigs.go",
        "api_op_ListResourceRecordSets.go",
        "api_op_ListReusableDelegationSets.go",
        "api_op_ListTagsForResource.go",
        "api_op_ListTagsForResources.go",
        "api_op_ListTrafficPolicies.go",
        "api_op_ListTrafficPolicyInstances.go",
        "api_op_ListTrafficPolicyInstancesByHostedZone.go",
        "api_op_ListTrafficPolicyInstancesByPolicy.go",
        "api_op_ListTrafficPolicyVersions.go",
        "api_op_ListVPCAssociationAuthorizations.go",
        "api_op_TestDNSAnswer.go",
        "api_op_UpdateHealthCheck.go",
        "api_op_UpdateHostedZoneComment.go",
        "api_op_UpdateTrafficPolicyComment.go",
        "api_op_UpdateTrafficPolicyInstance.go",
        "deserializers.go",
        "doc.go",
        "endpoints.go",
        "endpoints_test.go",
        "generated.json",
        "internal/endpoints/endpoints.go",
        "internal/endpoints/endpoints_test.go",
        "protocol_test.go",
        "serializers.go",
        "types/enums.go",
        "types/errors.go",
        "types/types.go",
        "validators.go"
    ],
    "go": "1.15",
    "module": "github.com/aws/aws-sdk-go-v2/service/route53",
    "unstable": false
}
